{"3": [0.0, 0.0, 0.0, 0.14705882352941177, 0.0, 0.0, 0.0, 0.0, 0.0, 0.11627906976744187, 0.0, 0.0, 0.0, 0.11627906976744187, 0.0, 0.0, 0.0, 0.0, 0.0, 0.0, 0.09433962264150944, 0.0, 0.0, 0.0, 0.0, 0.0], "10": [0.0, 0.0, 0.0, 0.14705882352941177, 0.0, 0.0, 0.0, 0.0, 0.0, 0.11627906976744187, 0.0, 0.0, 0.0, 0.11627906976744187, 0.0, 0.0, 0.0, 0.0, 0.0, 0.0, 0.09433962264150944, 0.0, 0.0, 0.0, 0.0, 0.0], "2": [0.0, 0.0, 0.0, 0.14705882352941177, 0.0, 0.0, 0.0, 0.0, 0.0, 0.11627906976744187, 0.0, 0.0, 0.0, 0.11627906976744187, 0.0, 0.0, 0.0, 0.0, 0.0, 0.0, 0.09433962264150944, 0.0, 0.0, 0.0, 0.0, 0.0], "0": [0.12195121951219512, 0.30303030303030304, 0.15625, 0.5208333333333335, 0.11627906976744187, 0.3125, 0.7986111111111112, 0.0625, 0.6048387096774195, 0.0, 0.0, 0.44642857142857145, 0.28571428571428575, 0.4166666666666667, 0.8928571428571429, 0.0, 0.0, 0.0, 0.0, 0.0, 0.688888888888889, 0.22727272727272732, 0.33333333333333337, 0.3846153846153847, 0.0, 0.33333333333333337], "5": [0.12195121951219512, 0.30303030303030304, 0.0, 0.14705882352941177, 0.0, 0.3125, 0.0, 0.0625, 0.6048387096774195, 0.11627906976744187, 0.0, 0.44642857142857145, 0.0, 0.4166666666666667, 0.8928571428571429, 0.0, 0.0, 0.0, 0.0, 0.0, 0.09433962264150944, 0.22727272727272732, 0.33333333333333337, 0.3846153846153847, 0.0, 0.33333333333333337], "4": [0.12195121951219512, 0.30303030303030304, 0.15625, 0.5208333333333335, 0.0, 0.3125, 0.0, 0.0625, 0.0, 0.11627906976744187, 0.0, 0.44642857142857145, 0.0, 0.4166666666666667, 0.8928571428571429, 0.0, 0.0, 0.0, 0.0, 0.0, 0.688888888888889, 0.0, 0.33333333333333337, 0.3846153846153847, 0.0, 0.0], "1": [0.0, 0.11111111111111113, 0.13157894736842107, 0.26315789473684215, 0.0, 0.13157894736842107, 0.11111111111111113, 0.06756756756756757, 0.0, 0.0, 0.0892857142857143, 0.10638297872340427, 0.0, 0.10638297872340427, 0.21276595744680854, 0.0, 0.0, 0.0, 0.0, 0.0, 0.0892857142857143, 0.0, 0.25000000000000006, 0.0, 0.0, 0.25000000000000006], "8": [0.0, 0.11111111111111113, 0.13157894736842107, 0.26315789473684215, 0.0, 0.13157894736842107, 0.11111111111111113, 0.06756756756756757, 0.0, 0.0, 0.0892857142857143, 0.10638297872340427, 0.0, 0.10638297872340427, 0.21276595744680854, 0.0, 0.0, 0.0, 0.0, 0.0, 0.0892857142857143, 0.0, 0.25000000000000006, 0.0, 0.0, 0.25000000000000006], "6": [0.12195121951219512, 0.30303030303030304, 0.15625, 0.5208333333333335, 0.11627906976744187, 0.3125, 0.7986111111111112, 0.0625, 0.6048387096774195, 0.0, 0.0, 0.44642857142857145, 0.28571428571428575, 0.4166666666666667, 0.8928571428571429, 0.0, 0.0, 0.0, 0.0, 0.0, 0.688888888888889, 0.22727272727272732, 0.33333333333333337, 0.3846153846153847, 0.0, 0.33333333333333337]}